Timestamp,Frame,ID,X,Y
2025-04-17 00:21:33,0,0,426,265
2025-04-17 00:21:33,0,1,451,288
2025-04-17 00:21:33,0,2,472,292
2025-04-17 00:21:33,0,3,340,165
2025-04-17 00:21:33,0,4,326,136
2025-04-17 00:21:33,0,5,556,246
2025-04-17 00:21:33,0,6,417,147
2025-04-17 00:21:33,0,7,260,277
2025-04-17 00:21:33,1,0,426,265
2025-04-17 00:21:33,1,1,451,288
2025-04-17 00:21:33,1,2,461,292
2025-04-17 00:21:33,1,3,339,162
2025-04-17 00:21:33,1,4,317,115
2025-04-17 00:21:33,1,5,556,256
2025-04-17 00:21:33,1,6,415,146
2025-04-17 00:21:33,1,7,262,287
2025-04-17 00:21:33,2,0,426,265
2025-04-17 00:21:33,2,1,450,288
2025-04-17 00:21:33,2,2,451,292
2025-04-17 00:21:33,2,3,339,162
2025-04-17 00:21:33,2,4,307,97
2025-04-17 00:21:33,2,5,557,266
2025-04-17 00:21:33,2,6,414,146
2025-04-17 00:21:33,2,7,264,287
2025-04-17 00:21:33,3,0,426,265
2025-04-17 00:21:33,3,1,449,288
2025-04-17 00:21:33,3,2,449,292
2025-04-17 00:21:33,3,3,339,160
2025-04-17 00:21:33,3,4,307,77
2025-04-17 00:21:33,3,5,558,272
2025-04-17 00:21:33,3,6,414,145
2025-04-17 00:21:33,3,7,266,286
2025-04-17 00:21:33,4,0,426,265
2025-04-17 00:21:33,4,1,449,288
2025-04-17 00:21:33,4,2,449,292
2025-04-17 00:21:33,4,3,339,160
2025-04-17 00:21:33,4,4,307,77
2025-04-17 00:21:33,4,5,558,272
2025-04-17 00:21:33,4,6,413,145
2025-04-17 00:21:33,4,7,268,286
2025-04-17 00:21:33,5,0,426,265
2025-04-17 00:21:33,5,1,449,288
2025-04-17 00:21:33,5,2,449,292
2025-04-17 00:21:33,5,3,339,160
2025-04-17 00:21:33,5,4,307,77
2025-04-17 00:21:33,5,5,558,272
2025-04-17 00:21:33,5,6,412,144
2025-04-17 00:21:33,5,7,270,287
2025-04-17 00:21:33,6,0,426,265
2025-04-17 00:21:33,6,1,449,288
2025-04-17 00:21:33,6,2,449,292
2025-04-17 00:21:33,6,3,339,160
2025-04-17 00:21:33,6,4,307,77
2025-04-17 00:21:33,6,5,558,272
2025-04-17 00:21:33,6,6,411,144
2025-04-17 00:21:33,6,7,272,291
2025-04-17 00:21:34,7,0,426,268
2025-04-17 00:21:34,7,1,449,288
2025-04-17 00:21:34,7,2,448,292
2025-04-17 00:21:34,7,3,339,162
2025-04-17 00:21:34,7,4,307,77
2025-04-17 00:21:34,7,5,568,282
2025-04-17 00:21:34,7,6,409,144
2025-04-17 00:21:34,7,7,272,291
2025-04-17 00:21:34,8,0,426,270
2025-04-17 00:21:34,8,1,449,288
2025-04-17 00:21:34,8,2,448,292
2025-04-17 00:21:34,8,3,339,162
2025-04-17 00:21:34,8,4,307,77
2025-04-17 00:21:34,8,5,578,292
2025-04-17 00:21:34,8,6,409,143
2025-04-17 00:21:34,8,7,274,290
2025-04-17 00:21:34,9,0,426,280
2025-04-17 00:21:34,9,1,449,288
2025-04-17 00:21:34,9,2,448,292
2025-04-17 00:21:34,9,3,339,163
2025-04-17 00:21:34,9,4,307,77
2025-04-17 00:21:34,9,5,588,292
2025-04-17 00:21:34,9,6,409,143
2025-04-17 00:21:34,9,7,274,290
2025-04-17 00:21:34,10,0,427,283
2025-04-17 00:21:34,10,1,449,288
2025-04-17 00:21:34,10,2,448,292
2025-04-17 00:21:34,10,3,339,165
2025-04-17 00:21:34,10,4,307,77
2025-04-17 00:21:34,10,5,591,292
2025-04-17 00:21:34,10,6,409,142
2025-04-17 00:21:34,10,7,274,290
2025-04-17 00:21:34,11,0,429,283
2025-04-17 00:21:34,11,1,449,288
2025-04-17 00:21:34,11,2,448,292
2025-04-17 00:21:34,11,3,339,165
2025-04-17 00:21:34,11,4,307,77
2025-04-17 00:21:34,11,5,591,292
2025-04-17 00:21:34,11,6,409,142
2025-04-17 00:21:34,11,7,274,286
2025-04-17 00:21:34,12,0,429,283
2025-04-17 00:21:34,12,1,449,288
2025-04-17 00:21:34,12,2,448,292
2025-04-17 00:21:34,12,3,339,165
2025-04-17 00:21:34,12,4,307,77
2025-04-17 00:21:34,12,5,591,292
2025-04-17 00:21:34,12,6,409,142
2025-04-17 00:21:34,12,7,274,285
2025-04-17 00:21:34,13,0,429,284
2025-04-17 00:21:34,13,1,449,288
2025-04-17 00:21:34,13,2,448,292
2025-04-17 00:21:34,13,3,339,165
2025-04-17 00:21:34,13,4,307,77
2025-04-17 00:21:34,13,5,583,292
2025-04-17 00:21:34,13,6,409,139
2025-04-17 00:21:34,13,7,274,282
2025-04-17 00:21:34,14,0,430,284
2025-04-17 00:21:34,14,1,449,288
2025-04-17 00:21:34,14,2,448,292
2025-04-17 00:21:34,14,3,339,163
2025-04-17 00:21:34,14,4,307,77
2025-04-17 00:21:34,14,5,583,292
2025-04-17 00:21:34,14,6,410,139
2025-04-17 00:21:34,14,7,274,282
2025-04-17 00:21:34,15,0,437,284
2025-04-17 00:21:34,15,1,449,288
2025-04-17 00:21:34,15,2,448,292
2025-04-17 00:21:34,15,3,339,163
2025-04-17 00:21:34,15,4,307,77
2025-04-17 00:21:34,15,5,578,292
2025-04-17 00:21:34,15,6,415,140
2025-04-17 00:21:34,15,7,284,293
2025-04-17 00:21:34,16,0,438,284
2025-04-17 00:21:34,16,1,449,288
2025-04-17 00:21:34,16,2,448,292
2025-04-17 00:21:34,16,3,339,162
2025-04-17 00:21:34,16,4,307,77
2025-04-17 00:21:34,16,5,574,292
2025-04-17 00:21:34,16,6,416,140
2025-04-17 00:21:34,16,7,319,293
2025-04-17 00:21:34,17,0,441,284
2025-04-17 00:21:34,17,1,449,288
2025-04-17 00:21:34,17,2,448,292
2025-04-17 00:21:34,17,3,339,162
2025-04-17 00:21:34,17,4,307,77
2025-04-17 00:21:34,17,5,563,292
2025-04-17 00:21:34,17,6,421,139
2025-04-17 00:21:34,17,7,333,293
2025-04-17 00:21:34,18,0,442,284
2025-04-17 00:21:34,18,1,449,288
2025-04-17 00:21:34,18,2,447,292
2025-04-17 00:21:34,18,3,340,162
2025-04-17 00:21:34,18,4,307,77
2025-04-17 00:21:34,18,5,563,292
2025-04-17 00:21:34,18,6,421,141
2025-04-17 00:21:34,18,7,337,293
2025-04-17 00:21:34,19,0,442,284
2025-04-17 00:21:34,19,1,449,288
2025-04-17 00:21:34,19,2,447,292
2025-04-17 00:21:34,19,3,340,160
2025-04-17 00:21:34,19,4,307,77
2025-04-17 00:21:34,19,5,562,292
2025-04-17 00:21:34,19,6,421,141
2025-04-17 00:21:34,19,7,338,293
2025-04-17 00:21:34,20,0,442,284
2025-04-17 00:21:34,20,1,449,288
2025-04-17 00:21:34,20,2,447,292
2025-04-17 00:21:34,20,3,341,160
2025-04-17 00:21:34,20,4,308,77
2025-04-17 00:21:34,20,5,560,292
2025-04-17 00:21:34,20,6,421,140
2025-04-17 00:21:34,20,7,338,293
2025-04-17 00:21:34,21,0,443,284
2025-04-17 00:21:34,21,1,449,288
2025-04-17 00:21:34,21,2,447,292
2025-04-17 00:21:34,21,3,342,158
2025-04-17 00:21:34,21,4,308,77
2025-04-17 00:21:34,21,5,560,292
2025-04-17 00:21:34,21,6,421,140
2025-04-17 00:21:34,21,7,338,293
2025-04-17 00:21:34,22,0,444,283
2025-04-17 00:21:34,22,1,449,288
2025-04-17 00:21:34,22,2,447,292
2025-04-17 00:21:34,22,3,343,157
2025-04-17 00:21:34,22,4,308,77
2025-04-17 00:21:34,22,5,566,292
2025-04-17 00:21:34,22,6,421,139
2025-04-17 00:21:34,22,7,344,293
2025-04-17 00:21:34,23,0,444,280
2025-04-17 00:21:34,23,1,449,288
2025-04-17 00:21:34,23,2,447,292
2025-04-17 00:21:34,23,3,343,154
2025-04-17 00:21:34,23,4,308,77
2025-04-17 00:21:34,23,5,570,292
2025-04-17 00:21:34,23,6,421,137
2025-04-17 00:21:34,23,7,344,293
2025-04-17 00:21:34,24,0,444,280
2025-04-17 00:21:34,24,1,449,288
2025-04-17 00:21:34,24,2,447,292
2025-04-17 00:21:34,24,3,343,154
2025-04-17 00:21:34,24,4,308,77
2025-04-17 00:21:34,24,5,570,292
2025-04-17 00:21:34,24,6,421,137
2025-04-17 00:21:34,24,7,344,293
2025-04-17 00:21:34,25,0,444,281
2025-04-17 00:21:34,25,1,450,288
2025-04-17 00:21:34,25,2,447,292
2025-04-17 00:21:34,25,3,343,149
2025-04-17 00:21:34,25,4,308,77
2025-04-17 00:21:34,25,5,572,292
2025-04-17 00:21:34,25,6,421,136
2025-04-17 00:21:34,25,7,346,293
2025-04-17 00:21:34,26,0,444,281
2025-04-17 00:21:34,26,1,452,288
2025-04-17 00:21:34,26,2,447,292
2025-04-17 00:21:34,26,3,343,148
2025-04-17 00:21:34,26,4,308,77
2025-04-17 00:21:34,26,5,572,292
2025-04-17 00:21:34,26,6,424,136
2025-04-17 00:21:34,26,7,347,293
2025-04-17 00:21:34,27,0,446,281
2025-04-17 00:21:34,27,1,454,288
2025-04-17 00:21:34,27,2,447,292
2025-04-17 00:21:34,27,3,343,147
2025-04-17 00:21:34,27,4,308,77
2025-04-17 00:21:34,27,5,574,292
2025-04-17 00:21:34,27,6,426,135
2025-04-17 00:21:34,27,7,348,293
2025-04-17 00:21:34,28,0,456,284
2025-04-17 00:21:34,28,1,454,288
2025-04-17 00:21:34,28,2,447,292
2025-04-17 00:21:34,28,3,343,147
2025-04-17 00:21:34,28,4,308,77
2025-04-17 00:21:34,28,5,575,292
2025-04-17 00:21:34,28,6,428,134
2025-04-17 00:21:34,28,7,353,293
2025-04-17 00:21:35,29,0,458,280
2025-04-17 00:21:35,29,1,454,288
2025-04-17 00:21:35,29,2,447,292
2025-04-17 00:21:35,29,3,343,147
2025-04-17 00:21:35,29,4,308,77
2025-04-17 00:21:35,29,5,577,292
2025-04-17 00:21:35,29,6,435,135
2025-04-17 00:21:35,29,7,355,293
2025-04-17 00:21:35,30,0,456,286
2025-04-17 00:21:35,30,1,444,288
2025-04-17 00:21:35,30,2,442,292
2025-04-17 00:21:35,30,3,342,145
2025-04-17 00:21:35,30,4,310,77
2025-04-17 00:21:35,30,5,578,292
2025-04-17 00:21:35,30,6,435,135
2025-04-17 00:21:35,30,7,363,293
2025-04-17 00:21:35,31,0,455,288
2025-04-17 00:21:35,31,1,444,288
2025-04-17 00:21:35,31,2,442,292
2025-04-17 00:21:35,31,3,334,141
2025-04-17 00:21:35,31,4,311,77
2025-04-17 00:21:35,31,5,579,291
2025-04-17 00:21:35,31,6,440,133
2025-04-17 00:21:35,31,7,368,293
2025-04-17 00:21:35,32,0,454,286
2025-04-17 00:21:35,32,1,442,288
2025-04-17 00:21:35,32,2,441,292
2025-04-17 00:21:35,32,3,332,141
2025-04-17 00:21:35,32,4,311,77
2025-04-17 00:21:35,32,5,580,291
2025-04-17 00:21:35,32,6,440,133
2025-04-17 00:21:35,32,7,371,293
2025-04-17 00:21:35,33,0,448,281
2025-04-17 00:21:35,33,1,440,288
2025-04-17 00:21:35,33,2,440,292
2025-04-17 00:21:35,33,3,331,142
2025-04-17 00:21:35,33,4,311,77
2025-04-17 00:21:35,33,5,580,287
2025-04-17 00:21:35,33,6,440,134
2025-04-17 00:21:35,33,7,373,293
2025-04-17 00:21:35,34,0,447,280
2025-04-17 00:21:35,34,1,437,288
2025-04-17 00:21:35,34,2,437,292
2025-04-17 00:21:35,34,3,331,142
2025-04-17 00:21:35,34,4,311,77
2025-04-17 00:21:35,34,5,582,287
2025-04-17 00:21:35,34,6,440,134
2025-04-17 00:21:35,34,7,375,293
2025-04-17 00:21:35,35,0,445,279
2025-04-17 00:21:35,35,1,434,288
2025-04-17 00:21:35,35,2,435,292
2025-04-17 00:21:35,35,3,331,142
2025-04-17 00:21:35,35,4,311,77
2025-04-17 00:21:35,35,5,582,288
2025-04-17 00:21:35,35,6,440,134
2025-04-17 00:21:35,35,7,378,293
2025-04-17 00:21:35,36,0,445,279
2025-04-17 00:21:35,36,1,431,288
2025-04-17 00:21:35,36,2,429,292
2025-04-17 00:21:35,36,3,331,142
2025-04-17 00:21:35,36,4,313,77
2025-04-17 00:21:35,36,5,582,288
2025-04-17 00:21:35,36,6,440,134
2025-04-17 00:21:35,36,7,378,293
2025-04-17 00:21:35,37,0,444,279
2025-04-17 00:21:35,37,1,431,288
2025-04-17 00:21:35,37,2,426,292
2025-04-17 00:21:35,37,3,331,142
2025-04-17 00:21:35,37,4,318,77
2025-04-17 00:21:35,37,5,584,291
2025-04-17 00:21:35,37,6,440,133
2025-04-17 00:21:35,37,7,382,293
2025-04-17 00:21:35,38,0,441,281
2025-04-17 00:21:35,38,1,429,288
2025-04-17 00:21:35,38,2,425,292
2025-04-17 00:21:35,38,3,331,142
2025-04-17 00:21:35,38,4,318,77
2025-04-17 00:21:35,38,5,583,292
2025-04-17 00:21:35,38,6,440,132
2025-04-17 00:21:35,38,7,383,293
2025-04-17 00:21:35,39,0,441,281
2025-04-17 00:21:35,39,1,429,288
2025-04-17 00:21:35,39,2,423,292
2025-04-17 00:21:35,39,3,331,143
2025-04-17 00:21:35,39,4,319,77
2025-04-17 00:21:35,39,5,584,292
2025-04-17 00:21:35,39,6,441,131
2025-04-17 00:21:35,39,7,385,293
2025-04-17 00:21:35,40,0,441,281
2025-04-17 00:21:35,40,1,429,288
2025-04-17 00:21:35,40,2,418,292
2025-04-17 00:21:35,40,3,331,144
2025-04-17 00:21:35,40,4,323,77
2025-04-17 00:21:35,40,5,589,292
2025-04-17 00:21:35,40,6,442,133
2025-04-17 00:21:35,40,7,386,293
2025-04-17 00:21:35,41,0,441,272
2025-04-17 00:21:35,41,1,429,288
2025-04-17 00:21:35,41,2,411,292
2025-04-17 00:21:35,41,3,331,144
2025-04-17 00:21:35,41,4,326,77
2025-04-17 00:21:35,41,5,589,292
2025-04-17 00:21:35,41,6,442,132
2025-04-17 00:21:35,41,7,391,293
2025-04-17 00:21:35,42,0,441,272
2025-04-17 00:21:35,42,1,429,288
2025-04-17 00:21:35,42,2,401,292
2025-04-17 00:21:35,42,3,331,144
2025-04-17 00:21:35,42,4,328,77
2025-04-17 00:21:35,42,5,589,292
2025-04-17 00:21:35,42,6,447,131
2025-04-17 00:21:35,42,7,394,293
2025-04-17 00:21:35,43,0,441,269
2025-04-17 00:21:35,43,1,429,288
2025-04-17 00:21:35,43,2,401,292
2025-04-17 00:21:35,43,3,331,144
2025-04-17 00:21:35,43,4,328,77
2025-04-17 00:21:35,43,5,591,289
2025-04-17 00:21:35,43,6,447,131
2025-04-17 00:21:35,43,7,397,293
2025-04-17 00:21:35,44,0,441,269
2025-04-17 00:21:35,44,1,429,288
2025-04-17 00:21:35,44,2,401,292
2025-04-17 00:21:35,44,3,330,144
2025-04-17 00:21:35,44,4,329,77
2025-04-17 00:21:35,44,5,592,290
2025-04-17 00:21:35,44,6,447,132
2025-04-17 00:21:35,44,7,399,293
2025-04-17 00:21:35,45,0,440,269
2025-04-17 00:21:35,45,1,427,288
2025-04-17 00:21:35,45,2,402,292
2025-04-17 00:21:35,45,3,328,146
2025-04-17 00:21:35,45,4,329,77
2025-04-17 00:21:35,45,5,592,291
2025-04-17 00:21:35,45,6,447,132
2025-04-17 00:21:35,45,7,399,293
2025-04-17 00:21:35,46,0,435,269
2025-04-17 00:21:35,46,1,427,288
2025-04-17 00:21:35,46,2,402,292
2025-04-17 00:21:35,46,3,328,149
2025-04-17 00:21:35,46,4,331,77
2025-04-17 00:21:35,46,5,593,292
2025-04-17 00:21:35,46,6,449,134
2025-04-17 00:21:35,46,7,399,293
2025-04-17 00:21:35,47,0,425,269
2025-04-17 00:21:35,47,1,427,288
2025-04-17 00:21:35,47,2,403,292
2025-04-17 00:21:35,47,3,328,151
2025-04-17 00:21:35,47,4,331,77
2025-04-17 00:21:35,47,5,593,292
2025-04-17 00:21:35,47,6,449,137
2025-04-17 00:21:35,47,7,399,293
2025-04-17 00:21:35,48,0,419,274
2025-04-17 00:21:35,48,1,427,288
2025-04-17 00:21:35,48,2,404,292
2025-04-17 00:21:35,48,3,327,154
2025-04-17 00:21:35,48,4,331,77
2025-04-17 00:21:35,48,5,593,292
2025-04-17 00:21:35,48,6,449,137
2025-04-17 00:21:35,48,7,399,293
2025-04-17 00:21:35,49,0,408,280
2025-04-17 00:21:35,49,1,427,288
2025-04-17 00:21:35,49,2,404,292
2025-04-17 00:21:35,49,3,324,156
2025-04-17 00:21:35,49,4,331,77
2025-04-17 00:21:35,49,5,593,292
2025-04-17 00:21:35,49,6,449,137
2025-04-17 00:21:35,49,7,400,293
2025-04-17 00:21:35,50,0,407,275
2025-04-17 00:21:35,50,1,437,288
2025-04-17 00:21:35,50,2,408,292
2025-04-17 00:21:35,50,3,324,156
2025-04-17 00:21:35,50,4,331,77
2025-04-17 00:21:35,50,5,593,292
2025-04-17 00:21:35,50,6,449,138
2025-04-17 00:21:35,50,7,406,293
2025-04-17 00:21:36,51,0,404,273
2025-04-17 00:21:36,51,1,447,288
2025-04-17 00:21:36,51,2,417,292
2025-04-17 00:21:36,51,3,324,156
2025-04-17 00:21:36,51,4,331,77
2025-04-17 00:21:36,51,5,593,292
2025-04-17 00:21:36,51,6,449,140
2025-04-17 00:21:36,51,7,418,293
2025-04-17 00:21:36,52,0,404,272
2025-04-17 00:21:36,52,1,448,288
2025-04-17 00:21:36,52,2,427,292
2025-04-17 00:21:36,52,3,324,156
2025-04-17 00:21:36,52,4,331,77
2025-04-17 00:21:36,52,5,593,292
2025-04-17 00:21:36,52,6,449,141
2025-04-17 00:21:36,52,7,428,293
2025-04-17 00:21:36,53,0,404,272
2025-04-17 00:21:36,53,1,448,288
2025-04-17 00:21:36,53,2,427,292
2025-04-17 00:21:36,53,3,324,156
2025-04-17 00:21:36,53,4,331,77
2025-04-17 00:21:36,53,5,593,292
2025-04-17 00:21:36,53,6,449,141
2025-04-17 00:21:36,53,7,429,293
2025-04-17 00:21:36,54,0,404,273
2025-04-17 00:21:36,54,1,448,288
2025-04-17 00:21:36,54,2,427,292
2025-04-17 00:21:36,54,3,324,156
2025-04-17 00:21:36,54,4,331,77
2025-04-17 00:21:36,54,5,593,292
2025-04-17 00:21:36,54,6,449,141
2025-04-17 00:21:36,54,7,429,293
2025-04-17 00:21:36,55,0,405,273
2025-04-17 00:21:36,55,1,448,288
2025-04-17 00:21:36,55,2,427,292
2025-04-17 00:21:36,55,3,324,156
2025-04-17 00:21:36,55,4,331,77
2025-04-17 00:21:36,55,5,594,292
2025-04-17 00:21:36,55,6,449,142
2025-04-17 00:21:36,55,7,429,293
2025-04-17 00:21:36,56,0,406,273
2025-04-17 00:21:36,56,1,448,288
2025-04-17 00:21:36,56,2,427,292
2025-04-17 00:21:36,56,3,324,156
2025-04-17 00:21:36,56,4,331,77
2025-04-17 00:21:36,56,5,594,292
2025-04-17 00:21:36,56,6,449,142
2025-04-17 00:21:36,56,7,429,293
2025-04-17 00:21:36,57,0,406,273
2025-04-17 00:21:36,57,1,448,288
2025-04-17 00:21:36,57,2,427,292
2025-04-17 00:21:36,57,3,324,156
2025-04-17 00:21:36,57,4,331,77
2025-04-17 00:21:36,57,5,595,292
2025-04-17 00:21:36,57,6,449,142
2025-04-17 00:21:36,57,7,429,293
2025-04-17 00:21:36,58,0,407,269
2025-04-17 00:21:36,58,1,448,288
2025-04-17 00:21:36,58,2,427,292
2025-04-17 00:21:36,58,3,324,156
2025-04-17 00:21:36,58,4,331,77
2025-04-17 00:21:36,58,5,595,292
2025-04-17 00:21:36,58,6,449,142
2025-04-17 00:21:36,58,7,429,293
2025-04-17 00:21:36,59,0,407,269
2025-04-17 00:21:36,59,1,449,288
2025-04-17 00:21:36,59,2,427,292
2025-04-17 00:21:36,59,3,324,154
2025-04-17 00:21:36,59,4,331,77
2025-04-17 00:21:36,59,5,595,292
2025-04-17 00:21:36,59,6,449,143
2025-04-17 00:21:36,59,7,429,293
2025-04-17 00:21:36,60,0,407,268
2025-04-17 00:21:36,60,1,456,278
2025-04-17 00:21:36,60,2,427,292
2025-04-17 00:21:36,60,3,324,154
2025-04-17 00:21:36,60,4,331,77
2025-04-17 00:21:36,60,5,595,292
2025-04-17 00:21:36,60,6,449,143
2025-04-17 00:21:36,60,7,429,293
2025-04-17 00:21:36,61,0,419,226
2025-04-17 00:21:36,61,1,461,269
2025-04-17 00:21:36,61,2,440,292
2025-04-17 00:21:36,61,3,324,153
2025-04-17 00:21:36,61,4,331,77
2025-04-17 00:21:36,61,5,597,292
2025-04-17 00:21:36,61,6,445,145
2025-04-17 00:21:36,61,7,439,293
2025-04-17 00:21:36,62,0,429,190
2025-04-17 00:21:36,62,1,463,269
2025-04-17 00:21:36,62,2,451,292
2025-04-17 00:21:36,62,3,331,147
2025-04-17 00:21:36,62,4,331,77
2025-04-17 00:21:36,62,5,598,292
2025-04-17 00:21:36,62,6,445,144
2025-04-17 00:21:36,62,7,445,293
2025-04-17 00:21:36,63,0,432,144
2025-04-17 00:21:36,63,1,463,269
2025-04-17 00:21:36,63,2,452,292
2025-04-17 00:21:36,63,3,336,144
2025-04-17 00:21:36,63,4,331,77
2025-04-17 00:21:36,63,5,598,292
2025-04-17 00:21:36,63,6,445,143
2025-04-17 00:21:36,63,7,445,293
2025-04-17 00:21:36,64,0,433,139
2025-04-17 00:21:36,64,1,463,269
2025-04-17 00:21:36,64,2,452,292
2025-04-17 00:21:36,64,3,342,147
2025-04-17 00:21:36,64,4,331,77
2025-04-17 00:21:36,64,5,600,292
2025-04-17 00:21:36,64,6,445,143
2025-04-17 00:21:36,64,7,445,293
2025-04-17 00:21:36,65,0,433,138
2025-04-17 00:21:36,65,1,463,271
2025-04-17 00:21:36,65,2,452,292
2025-04-17 00:21:36,65,3,342,147
2025-04-17 00:21:36,65,4,331,77
2025-04-17 00:21:36,65,5,600,292
2025-04-17 00:21:36,65,6,445,143
2025-04-17 00:21:36,65,7,445,293
2025-04-17 00:21:36,66,0,433,138
2025-04-17 00:21:36,66,1,463,271
2025-04-17 00:21:36,66,2,452,292
2025-04-17 00:21:36,66,3,345,146
2025-04-17 00:21:36,66,4,331,77
2025-04-17 00:21:36,66,5,600,292
2025-04-17 00:21:36,66,6,445,143
2025-04-17 00:21:36,66,7,445,293
2025-04-17 00:21:36,67,0,433,138
2025-04-17 00:21:36,67,1,463,273
2025-04-17 00:21:36,67,2,452,292
2025-04-17 00:21:36,67,3,345,147
2025-04-17 00:21:36,67,4,331,77
2025-04-17 00:21:36,67,5,600,292
2025-04-17 00:21:36,67,6,445,143
2025-04-17 00:21:36,67,7,445,293
2025-04-17 00:21:36,68,0,433,140
2025-04-17 00:21:36,68,1,463,273
2025-04-17 00:21:36,68,2,452,292
2025-04-17 00:21:36,68,3,345,147
2025-04-17 00:21:36,68,4,331,77
2025-04-17 00:21:36,68,5,600,292
2025-04-17 00:21:36,68,6,445,144
2025-04-17 00:21:36,68,7,445,293
2025-04-17 00:21:36,69,0,433,140
2025-04-17 00:21:36,69,1,463,278
2025-04-17 00:21:36,69,2,452,292
2025-04-17 00:21:36,69,3,345,147
2025-04-17 00:21:36,69,4,331,77
2025-04-17 00:21:36,69,5,600,292
2025-04-17 00:21:36,69,6,445,142
2025-04-17 00:21:36,69,7,445,293
2025-04-17 00:21:36,70,0,433,140
2025-04-17 00:21:36,70,1,463,278
2025-04-17 00:21:36,70,2,452,292
2025-04-17 00:21:36,70,3,345,149
2025-04-17 00:21:36,70,4,331,77
2025-04-17 00:21:36,70,5,600,292
2025-04-17 00:21:36,70,6,443,141
2025-04-17 00:21:36,70,7,445,293
2025-04-17 00:21:36,71,0,433,140
2025-04-17 00:21:36,71,1,463,280
2025-04-17 00:21:36,71,2,452,292
2025-04-17 00:21:36,71,3,345,149
2025-04-17 00:21:36,71,4,331,77
2025-04-17 00:21:36,71,5,600,292
2025-04-17 00:21:36,71,6,443,140
2025-04-17 00:21:36,71,7,445,293
2025-04-17 00:21:36,72,0,433,140
2025-04-17 00:21:36,72,1,463,280
2025-04-17 00:21:36,72,2,452,292
2025-04-17 00:21:36,72,3,345,149
2025-04-17 00:21:36,72,4,331,77
2025-04-17 00:21:36,72,5,600,292
2025-04-17 00:21:36,72,6,443,140
2025-04-17 00:21:36,72,7,445,293
2025-04-17 00:21:36,73,0,433,140
2025-04-17 00:21:36,73,1,463,283
2025-04-17 00:21:36,73,2,452,292
2025-04-17 00:21:36,73,3,345,149
2025-04-17 00:21:36,73,4,331,77
2025-04-17 00:21:36,73,5,600,292
2025-04-17 00:21:36,73,6,443,140
2025-04-17 00:21:36,73,7,445,293
2025-04-17 00:21:37,74,0,433,140
2025-04-17 00:21:37,74,1,457,288
2025-04-17 00:21:37,74,2,452,292
2025-04-17 00:21:37,74,3,345,148
2025-04-17 00:21:37,74,4,331,77
2025-04-17 00:21:37,74,5,600,292
2025-04-17 00:21:37,74,6,443,139
2025-04-17 00:21:37,74,7,445,293
2025-04-17 00:21:37,75,0,433,138
2025-04-17 00:21:37,75,1,456,288
2025-04-17 00:21:37,75,2,452,292
2025-04-17 00:21:37,75,3,345,147
2025-04-17 00:21:37,75,4,331,77
2025-04-17 00:21:37,75,5,602,292
2025-04-17 00:21:37,75,6,443,140
2025-04-17 00:21:37,75,7,445,293
2025-04-17 00:21:37,76,0,435,138
2025-04-17 00:21:37,76,1,456,288
2025-04-17 00:21:37,76,2,452,292
2025-04-17 00:21:37,76,3,345,147
2025-04-17 00:21:37,76,4,331,77
2025-04-17 00:21:37,76,5,602,292
2025-04-17 00:21:37,76,6,443,140
2025-04-17 00:21:37,76,7,446,293
2025-04-17 00:21:37,77,0,435,138
2025-04-17 00:21:37,77,1,456,288
2025-04-17 00:21:37,77,2,453,292
2025-04-17 00:21:37,77,3,345,147
2025-04-17 00:21:37,77,4,331,77
2025-04-17 00:21:37,77,5,602,292
2025-04-17 00:21:37,77,6,443,140
2025-04-17 00:21:37,77,7,449,293
2025-04-17 00:21:37,78,0,435,138
2025-04-17 00:21:37,78,1,456,288
2025-04-17 00:21:37,78,2,454,292
2025-04-17 00:21:37,78,3,344,147
2025-04-17 00:21:37,78,4,331,77
2025-04-17 00:21:37,78,5,602,292
2025-04-17 00:21:37,78,6,443,141
2025-04-17 00:21:37,78,7,449,293
2025-04-17 00:21:37,79,0,435,139
2025-04-17 00:21:37,79,1,457,288
2025-04-17 00:21:37,79,2,454,292
2025-04-17 00:21:37,79,3,342,147
2025-04-17 00:21:37,79,4,331,77
2025-04-17 00:21:37,79,5,603,292
2025-04-17 00:21:37,79,6,443,141
2025-04-17 00:21:37,79,7,450,293
2025-04-17 00:21:37,80,0,435,138
2025-04-17 00:21:37,80,1,458,288
2025-04-17 00:21:37,80,2,456,292
2025-04-17 00:21:37,80,3,341,148
2025-04-17 00:21:37,80,4,331,77
2025-04-17 00:21:37,80,5,603,292
2025-04-17 00:21:37,80,6,447,141
2025-04-17 00:21:37,80,7,452,293
2025-04-17 00:21:37,81,0,435,136
2025-04-17 00:21:37,81,1,459,288
2025-04-17 00:21:37,81,2,458,292
2025-04-17 00:21:37,81,3,341,148
2025-04-17 00:21:37,81,4,331,77
2025-04-17 00:21:37,81,5,605,292
2025-04-17 00:21:37,81,6,447,140
2025-04-17 00:21:37,81,7,454,293
2025-04-17 00:21:37,82,0,435,136
2025-04-17 00:21:37,82,1,461,288
2025-04-17 00:21:37,82,2,460,292
2025-04-17 00:21:37,82,3,341,148
2025-04-17 00:21:37,82,4,331,77
2025-04-17 00:21:37,82,5,605,292
2025-04-17 00:21:37,82,6,447,140
2025-04-17 00:21:37,82,7,456,293
2025-04-17 00:21:37,83,0,435,137
2025-04-17 00:21:37,83,1,462,288
2025-04-17 00:21:37,83,2,461,292
2025-04-17 00:21:37,83,3,341,149
2025-04-17 00:21:37,83,4,331,77
2025-04-17 00:21:37,83,5,605,292
2025-04-17 00:21:37,83,6,448,140
2025-04-17 00:21:37,83,7,457,293
2025-04-17 00:21:37,84,0,435,139
2025-04-17 00:21:37,84,1,464,288
2025-04-17 00:21:37,84,2,463,292
2025-04-17 00:21:37,84,3,341,149
2025-04-17 00:21:37,84,4,331,77
2025-04-17 00:21:37,84,5,605,292
2025-04-17 00:21:37,84,6,448,140
2025-04-17 00:21:37,84,7,459,293
2025-04-17 00:21:37,85,0,435,139
2025-04-17 00:21:37,85,1,468,288
2025-04-17 00:21:37,85,2,466,292
2025-04-17 00:21:37,85,3,338,150
2025-04-17 00:21:37,85,4,331,77
2025-04-17 00:21:37,85,5,605,292
2025-04-17 00:21:37,85,6,448,139
2025-04-17 00:21:37,85,7,462,293
2025-04-17 00:21:37,86,0,435,139
2025-04-17 00:21:37,86,1,470,288
2025-04-17 00:21:37,86,2,467,292
2025-04-17 00:21:37,86,3,338,151
2025-04-17 00:21:37,86,4,331,77
2025-04-17 00:21:37,86,5,605,292
2025-04-17 00:21:37,86,6,448,139
2025-04-17 00:21:37,86,7,463,293
2025-04-17 00:21:37,87,0,435,139
2025-04-17 00:21:37,87,1,472,288
2025-04-17 00:21:37,87,2,469,292
2025-04-17 00:21:37,87,3,338,151
2025-04-17 00:21:37,87,4,331,77
2025-04-17 00:21:37,87,5,605,292
2025-04-17 00:21:37,87,6,448,139
2025-04-17 00:21:37,87,7,465,293
2025-04-17 00:21:37,88,0,435,138
2025-04-17 00:21:37,88,1,472,288
2025-04-17 00:21:37,88,2,470,292
2025-04-17 00:21:37,88,3,338,150
2025-04-17 00:21:37,88,4,331,77
2025-04-17 00:21:37,88,5,605,292
2025-04-17 00:21:37,88,6,448,138
2025-04-17 00:21:37,88,7,466,293
2025-04-17 00:21:37,89,0,444,135
2025-04-17 00:21:37,89,1,474,288
2025-04-17 00:21:37,89,2,471,292
2025-04-17 00:21:37,89,3,337,150
2025-04-17 00:21:37,89,4,334,77
2025-04-17 00:21:37,89,5,605,292
2025-04-17 00:21:37,89,6,448,138
2025-04-17 00:21:37,89,7,467,293
2025-04-17 00:21:37,90,0,448,135
2025-04-17 00:21:37,90,1,475,288
2025-04-17 00:21:37,90,2,473,292
2025-04-17 00:21:37,90,3,337,148
2025-04-17 00:21:37,90,4,334,77
2025-04-17 00:21:37,90,5,605,292
2025-04-17 00:21:37,90,6,452,139
2025-04-17 00:21:37,90,7,468,293
2025-04-17 00:21:37,91,0,450,135
2025-04-17 00:21:37,91,1,476,288
2025-04-17 00:21:37,91,2,473,292
2025-04-17 00:21:37,91,3,328,154
2025-04-17 00:21:37,91,4,334,77
2025-04-17 00:21:37,91,5,605,292
2025-04-17 00:21:37,91,6,454,139
2025-04-17 00:21:37,91,7,469,293
2025-04-17 00:21:37,92,0,450,135
2025-04-17 00:21:37,92,1,477,288
2025-04-17 00:21:37,92,2,473,292
2025-04-17 00:21:37,92,3,328,157
2025-04-17 00:21:37,92,4,337,77
2025-04-17 00:21:37,92,5,605,292
2025-04-17 00:21:37,92,6,454,139
2025-04-17 00:21:37,92,7,470,293
2025-04-17 00:21:37,93,0,450,135
2025-04-17 00:21:37,93,1,479,288
2025-04-17 00:21:37,93,2,475,292
2025-04-17 00:21:37,93,3,328,156
2025-04-17 00:21:37,93,4,337,77
2025-04-17 00:21:37,93,5,605,292
2025-04-17 00:21:37,93,6,454,139
2025-04-17 00:21:37,93,7,471,293
2025-04-17 00:21:37,94,0,450,135
2025-04-17 00:21:37,94,1,479,288
2025-04-17 00:21:37,94,2,475,292
2025-04-17 00:21:37,94,3,328,156
2025-04-17 00:21:37,94,4,337,77
2025-04-17 00:21:37,94,5,605,292
2025-04-17 00:21:37,94,6,454,139
2025-04-17 00:21:37,94,7,471,293
2025-04-17 00:21:37,95,0,450,135
2025-04-17 00:21:37,95,1,479,288
2025-04-17 00:21:37,95,2,475,292
2025-04-17 00:21:37,95,3,328,156
2025-04-17 00:21:37,95,4,337,77
2025-04-17 00:21:37,95,5,606,292
2025-04-17 00:21:37,95,6,454,139
2025-04-17 00:21:37,95,7,471,293
2025-04-17 00:21:37,96,0,450,135
2025-04-17 00:21:37,96,1,480,288
2025-04-17 00:21:37,96,2,475,292
2025-04-17 00:21:37,96,3,328,156
2025-04-17 00:21:37,96,4,337,77
2025-04-17 00:21:37,96,5,606,292
2025-04-17 00:21:37,96,6,454,140
2025-04-17 00:21:37,96,7,472,293
2025-04-17 00:21:38,97,0,448,135
2025-04-17 00:21:38,97,1,480,288
2025-04-17 00:21:38,97,2,476,292
2025-04-17 00:21:38,97,3,328,155
2025-04-17 00:21:38,97,4,337,77
2025-04-17 00:21:38,97,5,606,292
2025-04-17 00:21:38,97,6,454,140
2025-04-17 00:21:38,97,7,473,293
2025-04-17 00:21:38,98,0,448,135
2025-04-17 00:21:38,98,1,481,288
2025-04-17 00:21:38,98,2,476,292
2025-04-17 00:21:38,98,3,328,155
2025-04-17 00:21:38,98,4,337,77
2025-04-17 00:21:38,98,5,606,292
2025-04-17 00:21:38,98,6,454,140
2025-04-17 00:21:38,98,7,473,293
2025-04-17 00:21:38,99,0,448,135
2025-04-17 00:21:38,99,1,481,288
2025-04-17 00:21:38,99,2,476,292
2025-04-17 00:21:38,99,3,328,155
2025-04-17 00:21:38,99,4,337,77
2025-04-17 00:21:38,99,5,606,292
2025-04-17 00:21:38,99,6,454,140
2025-04-17 00:21:38,99,7,473,293
2025-04-17 00:21:38,100,0,448,135
2025-04-17 00:21:38,100,1,481,288
2025-04-17 00:21:38,100,2,476,292
2025-04-17 00:21:38,100,3,328,155
2025-04-17 00:21:38,100,4,337,77
2025-04-17 00:21:38,100,5,606,292
2025-04-17 00:21:38,100,6,454,140
2025-04-17 00:21:38,100,7,473,293
2025-04-17 00:21:38,101,0,448,135
2025-04-17 00:21:38,101,1,481,288
2025-04-17 00:21:38,101,2,476,292
2025-04-17 00:21:38,101,3,329,155
2025-04-17 00:21:38,101,4,337,77
2025-04-17 00:21:38,101,5,606,292
2025-04-17 00:21:38,101,6,451,140
2025-04-17 00:21:38,101,7,473,293
2025-04-17 00:21:38,102,0,448,134
2025-04-17 00:21:38,102,1,481,288
2025-04-17 00:21:38,102,2,476,292
2025-04-17 00:21:38,102,3,329,155
2025-04-17 00:21:38,102,4,337,77
2025-04-17 00:21:38,102,5,606,292
2025-04-17 00:21:38,102,6,451,139
2025-04-17 00:21:38,102,7,473,293
2025-04-17 00:21:38,103,0,448,134
2025-04-17 00:21:38,103,1,481,288
2025-04-17 00:21:38,103,2,476,292
2025-04-17 00:21:38,103,3,329,155
2025-04-17 00:21:38,103,4,337,77
2025-04-17 00:21:38,103,5,606,292
2025-04-17 00:21:38,103,6,451,139
2025-04-17 00:21:38,103,7,474,293
2025-04-17 00:21:38,104,0,448,134
2025-04-17 00:21:38,104,1,481,288
2025-04-17 00:21:38,104,2,476,292
2025-04-17 00:21:38,104,3,329,155
2025-04-17 00:21:38,104,4,337,77
2025-04-17 00:21:38,104,5,606,292
2025-04-17 00:21:38,104,6,451,139
2025-04-17 00:21:38,104,7,474,293
2025-04-17 00:21:38,105,0,448,134
2025-04-17 00:21:38,105,1,481,288
2025-04-17 00:21:38,105,2,474,292
2025-04-17 00:21:38,105,3,329,155
2025-04-17 00:21:38,105,4,337,77
2025-04-17 00:21:38,105,5,606,292
2025-04-17 00:21:38,105,6,451,139
2025-04-17 00:21:38,105,7,474,293
2025-04-17 00:21:38,106,0,448,134
2025-04-17 00:21:38,106,1,481,288
2025-04-17 00:21:38,106,2,473,292
2025-04-17 00:21:38,106,3,329,155
2025-04-17 00:21:38,106,4,337,77
2025-04-17 00:21:38,106,5,606,292
2025-04-17 00:21:38,106,6,451,139
2025-04-17 00:21:38,106,7,473,293
2025-04-17 00:21:38,107,0,448,134
2025-04-17 00:21:38,107,1,481,288
2025-04-17 00:21:38,107,2,473,292
2025-04-17 00:21:38,107,3,329,155
2025-04-17 00:21:38,107,4,337,77
2025-04-17 00:21:38,107,5,606,292
2025-04-17 00:21:38,107,6,451,139
2025-04-17 00:21:38,107,7,473,293
2025-04-17 00:21:38,108,0,448,133
2025-04-17 00:21:38,108,1,481,288
2025-04-17 00:21:38,108,2,472,292
2025-04-17 00:21:38,108,3,329,153
2025-04-17 00:21:38,108,4,337,77
2025-04-17 00:21:38,108,5,606,292
2025-04-17 00:21:38,108,6,451,138
2025-04-17 00:21:38,108,7,469,293
2025-04-17 00:21:38,109,0,448,133
2025-04-17 00:21:38,109,1,481,288
2025-04-17 00:21:38,109,2,472,292
2025-04-17 00:21:38,109,3,329,153
2025-04-17 00:21:38,109,4,337,77
2025-04-17 00:21:38,109,5,606,292
2025-04-17 00:21:38,109,6,451,138
2025-04-17 00:21:38,109,7,469,293
2025-04-17 00:21:38,110,0,448,133
2025-04-17 00:21:38,110,1,481,288
2025-04-17 00:21:38,110,2,472,292
2025-04-17 00:21:38,110,3,329,153
2025-04-17 00:21:38,110,4,337,77
2025-04-17 00:21:38,110,5,606,292
2025-04-17 00:21:38,110,6,451,138
2025-04-17 00:21:38,110,7,469,293
2025-04-17 00:21:38,111,0,448,133
2025-04-17 00:21:38,111,1,478,288
2025-04-17 00:21:38,111,2,471,292
2025-04-17 00:21:38,111,3,329,152
2025-04-17 00:21:38,111,4,337,77
2025-04-17 00:21:38,111,5,606,292
2025-04-17 00:21:38,111,6,451,138
2025-04-17 00:21:38,111,7,469,293
2025-04-17 00:21:38,112,0,448,133
2025-04-17 00:21:38,112,1,478,288
2025-04-17 00:21:38,112,2,471,292
2025-04-17 00:21:38,112,3,329,151
2025-04-17 00:21:38,112,4,337,77
2025-04-17 00:21:38,112,5,606,292
2025-04-17 00:21:38,112,6,451,138
2025-04-17 00:21:38,112,7,469,293
2025-04-17 00:21:38,113,0,448,133
2025-04-17 00:21:38,113,1,478,288
2025-04-17 00:21:38,113,2,471,292
2025-04-17 00:21:38,113,3,329,150
2025-04-17 00:21:38,113,4,337,77
2025-04-17 00:21:38,113,5,606,292
2025-04-17 00:21:38,113,6,451,138
2025-04-17 00:21:38,113,7,469,293
2025-04-17 00:21:38,114,0,448,133
2025-04-17 00:21:38,114,1,478,288
2025-04-17 00:21:38,114,2,471,292
2025-04-17 00:21:38,114,3,334,151
2025-04-17 00:21:38,114,4,337,77
2025-04-17 00:21:38,114,5,606,292
2025-04-17 00:21:38,114,6,451,138
2025-04-17 00:21:38,114,7,469,293
2025-04-17 00:21:38,115,0,448,133
2025-04-17 00:21:38,115,1,478,288
2025-04-17 00:21:38,115,2,471,292
2025-04-17 00:21:38,115,3,334,150
2025-04-17 00:21:38,115,4,337,77
2025-04-17 00:21:38,115,5,606,292
2025-04-17 00:21:38,115,6,451,138
2025-04-17 00:21:38,115,7,469,293
2025-04-17 00:21:38,116,0,448,133
2025-04-17 00:21:38,116,1,478,288
2025-04-17 00:21:38,116,2,469,292
2025-04-17 00:21:38,116,3,334,150
2025-04-17 00:21:38,116,4,337,77
2025-04-17 00:21:38,116,5,606,292
2025-04-17 00:21:38,116,6,451,138
2025-04-17 00:21:38,116,7,468,293
2025-04-17 00:21:38,117,0,448,133
2025-04-17 00:21:38,117,1,474,288
2025-04-17 00:21:38,117,2,468,292
2025-04-17 00:21:38,117,3,334,150
2025-04-17 00:21:38,117,4,337,77
2025-04-17 00:21:38,117,5,606,292
2025-04-17 00:21:38,117,6,451,138
2025-04-17 00:21:38,117,7,466,293
2025-04-17 00:21:38,118,0,448,133
2025-04-17 00:21:38,118,1,475,288
2025-04-17 00:21:38,118,2,468,292
2025-04-17 00:21:38,118,3,334,151
2025-04-17 00:21:38,118,4,336,77
2025-04-17 00:21:38,118,5,606,292
2025-04-17 00:21:38,118,6,451,138
2025-04-17 00:21:38,118,7,466,293
2025-04-17 00:21:39,119,0,448,133
2025-04-17 00:21:39,119,1,475,288
2025-04-17 00:21:39,119,2,468,292
2025-04-17 00:21:39,119,3,334,151
2025-04-17 00:21:39,119,4,336,77
2025-04-17 00:21:39,119,5,606,292
2025-04-17 00:21:39,119,6,451,138
2025-04-17 00:21:39,119,7,466,293
2025-04-17 00:21:39,120,0,448,133
2025-04-17 00:21:39,120,1,475,288
2025-04-17 00:21:39,120,2,466,292
2025-04-17 00:21:39,120,3,333,152
2025-04-17 00:21:39,120,4,336,77
2025-04-17 00:21:39,120,5,606,292
2025-04-17 00:21:39,120,6,451,138
2025-04-17 00:21:39,120,7,460,293
2025-04-17 00:21:39,121,0,448,133
2025-04-17 00:21:39,121,1,475,288
2025-04-17 00:21:39,121,2,466,292
2025-04-17 00:21:39,121,3,333,152
2025-04-17 00:21:39,121,4,336,77
2025-04-17 00:21:39,121,5,606,292
2025-04-17 00:21:39,121,6,451,137
2025-04-17 00:21:39,121,7,460,293
2025-04-17 00:21:39,122,0,448,133
2025-04-17 00:21:39,122,1,477,288
2025-04-17 00:21:39,122,2,470,292
2025-04-17 00:21:39,122,3,332,152
2025-04-17 00:21:39,122,4,336,77
2025-04-17 00:21:39,122,5,606,292
2025-04-17 00:21:39,122,6,451,137
2025-04-17 00:21:39,122,7,460,293
2025-04-17 00:21:39,123,0,448,135
2025-04-17 00:21:39,123,1,477,288
2025-04-17 00:21:39,123,2,470,292
2025-04-17 00:21:39,123,3,332,152
2025-04-17 00:21:39,123,4,336,77
2025-04-17 00:21:39,123,5,606,292
2025-04-17 00:21:39,123,6,451,137
2025-04-17 00:21:39,123,7,460,293
2025-04-17 00:21:39,124,0,448,135
2025-04-17 00:21:39,124,1,477,288
2025-04-17 00:21:39,124,2,471,292
2025-04-17 00:21:39,124,3,332,152
2025-04-17 00:21:39,124,4,336,77
2025-04-17 00:21:39,124,5,606,292
2025-04-17 00:21:39,124,6,451,137
2025-04-17 00:21:39,124,7,460,293
2025-04-17 00:21:39,125,0,449,135
2025-04-17 00:21:39,125,1,477,288
2025-04-17 00:21:39,125,2,471,292
2025-04-17 00:21:39,125,3,332,152
2025-04-17 00:21:39,125,4,336,77
2025-04-17 00:21:39,125,5,606,292
2025-04-17 00:21:39,125,6,451,135
2025-04-17 00:21:39,125,7,460,293
2025-04-17 00:21:39,126,0,449,134
2025-04-17 00:21:39,126,1,478,288
2025-04-17 00:21:39,126,2,471,292
2025-04-17 00:21:39,126,3,332,154
2025-04-17 00:21:39,126,4,336,77
2025-04-17 00:21:39,126,5,605,292
2025-04-17 00:21:39,126,6,451,134
2025-04-17 00:21:39,126,7,450,293
2025-04-17 00:21:39,127,0,449,134
2025-04-17 00:21:39,127,1,488,288
2025-04-17 00:21:39,127,2,473,292
2025-04-17 00:21:39,127,3,332,154
2025-04-17 00:21:39,127,4,336,77
2025-04-17 00:21:39,127,5,605,292
2025-04-17 00:21:39,127,6,451,134
2025-04-17 00:21:39,127,7,437,293
2025-04-17 00:21:39,128,0,449,133
2025-04-17 00:21:39,128,1,495,288
2025-04-17 00:21:39,128,2,476,292
2025-04-17 00:21:39,128,3,332,154
2025-04-17 00:21:39,128,4,336,77
2025-04-17 00:21:39,128,5,604,292
2025-04-17 00:21:39,128,6,451,134
2025-04-17 00:21:39,128,7,433,293
2025-04-17 00:21:39,129,0,450,133
2025-04-17 00:21:39,129,1,495,288
2025-04-17 00:21:39,129,2,486,292
2025-04-17 00:21:39,129,3,332,154
2025-04-17 00:21:39,129,4,336,77
2025-04-17 00:21:39,129,5,604,292
2025-04-17 00:21:39,129,6,451,134
2025-04-17 00:21:39,129,7,432,293
2025-04-17 00:21:39,130,0,450,133
2025-04-17 00:21:39,130,1,495,288
2025-04-17 00:21:39,130,2,499,292
2025-04-17 00:21:39,130,3,332,154
2025-04-17 00:21:39,130,4,336,77
2025-04-17 00:21:39,130,5,604,292
2025-04-17 00:21:39,130,6,451,134
2025-04-17 00:21:39,130,7,432,293
2025-04-17 00:21:39,131,0,450,133
2025-04-17 00:21:39,131,1,495,288
2025-04-17 00:21:39,131,2,508,292
2025-04-17 00:21:39,131,3,332,154
2025-04-17 00:21:39,131,4,336,77
2025-04-17 00:21:39,131,5,599,292
2025-04-17 00:21:39,131,6,451,133
2025-04-17 00:21:39,131,7,422,293
2025-04-17 00:21:39,132,0,450,133
2025-04-17 00:21:39,132,1,505,282
2025-04-17 00:21:39,132,2,515,292
2025-04-17 00:21:39,132,3,332,154
2025-04-17 00:21:39,132,4,336,77
2025-04-17 00:21:39,132,5,599,292
2025-04-17 00:21:39,132,6,451,132
2025-04-17 00:21:39,132,7,412,293
2025-04-17 00:21:39,133,0,450,133
2025-04-17 00:21:39,133,1,512,288
2025-04-17 00:21:39,133,2,515,292
2025-04-17 00:21:39,133,3,332,154
2025-04-17 00:21:39,133,4,336,77
2025-04-17 00:21:39,133,5,599,292
2025-04-17 00:21:39,133,6,452,133
2025-04-17 00:21:39,133,7,406,293
2025-04-17 00:21:39,134,0,450,133
2025-04-17 00:21:39,134,1,512,288
2025-04-17 00:21:39,134,2,515,292
2025-04-17 00:21:39,134,3,332,154
2025-04-17 00:21:39,134,4,336,77
2025-04-17 00:21:39,134,5,599,292
2025-04-17 00:21:39,134,6,452,133
2025-04-17 00:21:39,134,7,402,293
2025-04-17 00:21:39,135,0,450,133
2025-04-17 00:21:39,135,1,512,288
2025-04-17 00:21:39,135,2,515,292
2025-04-17 00:21:39,135,3,332,155
2025-04-17 00:21:39,135,4,336,77
2025-04-17 00:21:39,135,5,599,292
2025-04-17 00:21:39,135,6,452,133
2025-04-17 00:21:39,135,7,402,293
2025-04-17 00:21:39,136,0,450,133
2025-04-17 00:21:39,136,1,511,288
2025-04-17 00:21:39,136,2,512,292
2025-04-17 00:21:39,136,3,332,155
2025-04-17 00:21:39,136,4,336,77
2025-04-17 00:21:39,136,5,599,292
2025-04-17 00:21:39,136,6,452,133
2025-04-17 00:21:39,136,7,399,293
2025-04-17 00:21:39,137,0,451,133
2025-04-17 00:21:39,137,1,506,288
2025-04-17 00:21:39,137,2,508,292
2025-04-17 00:21:39,137,3,333,156
2025-04-17 00:21:39,137,4,336,77
2025-04-17 00:21:39,137,5,599,292
2025-04-17 00:21:39,137,6,453,133
2025-04-17 00:21:39,137,7,389,293
2025-04-17 00:21:39,138,0,451,133
2025-04-17 00:21:39,138,1,506,288
2025-04-17 00:21:39,138,2,507,292
2025-04-17 00:21:39,138,3,333,156
2025-04-17 00:21:39,138,4,336,77
2025-04-17 00:21:39,138,5,599,292
2025-04-17 00:21:39,138,6,453,133
2025-04-17 00:21:39,138,7,379,293
2025-04-17 00:21:39,139,0,452,133
2025-04-17 00:21:39,139,1,504,288
2025-04-17 00:21:39,139,2,506,292
2025-04-17 00:21:39,139,3,333,155
2025-04-17 00:21:39,139,4,336,77
2025-04-17 00:21:39,139,5,599,292
2025-04-17 00:21:39,139,6,453,132
2025-04-17 00:21:39,139,7,369,293
2025-04-17 00:21:39,140,0,452,132
2025-04-17 00:21:39,140,1,503,288
2025-04-17 00:21:39,140,2,505,292
2025-04-17 00:21:39,140,3,333,155
2025-04-17 00:21:39,140,4,336,77
2025-04-17 00:21:39,140,5,599,292
2025-04-17 00:21:39,140,6,453,130
2025-04-17 00:21:39,140,7,369,293
2025-04-17 00:21:39,141,0,452,131
2025-04-17 00:21:39,141,1,502,288
2025-04-17 00:21:39,141,2,503,292
2025-04-17 00:21:39,141,3,333,157
2025-04-17 00:21:39,141,4,336,77
2025-04-17 00:21:39,141,5,599,292
2025-04-17 00:21:39,141,6,453,130
2025-04-17 00:21:39,141,7,369,293
2025-04-17 00:21:40,142,0,452,131
2025-04-17 00:21:40,142,1,501,288
2025-04-17 00:21:40,142,2,501,292
2025-04-17 00:21:40,142,3,333,159
2025-04-17 00:21:40,142,4,336,77
2025-04-17 00:21:40,142,5,599,292
2025-04-17 00:21:40,142,6,454,131
2025-04-17 00:21:40,142,7,365,293
2025-04-17 00:21:40,143,0,452,131
2025-04-17 00:21:40,143,1,500,288
2025-04-17 00:21:40,143,2,501,292
2025-04-17 00:21:40,143,3,333,159
2025-04-17 00:21:40,143,4,336,77
2025-04-17 00:21:40,143,5,599,292
2025-04-17 00:21:40,143,6,454,131
2025-04-17 00:21:40,143,7,365,293
2025-04-17 00:21:40,144,0,452,131
2025-04-17 00:21:40,144,1,500,288
2025-04-17 00:21:40,144,2,500,292
2025-04-17 00:21:40,144,3,333,159
2025-04-17 00:21:40,144,4,336,77
2025-04-17 00:21:40,144,5,599,292
2025-04-17 00:21:40,144,6,454,131
2025-04-17 00:21:40,144,7,365,293
2025-04-17 00:21:40,145,0,452,131
2025-04-17 00:21:40,145,1,498,288
2025-04-17 00:21:40,145,2,500,292
2025-04-17 00:21:40,145,3,333,159
2025-04-17 00:21:40,145,4,336,77
2025-04-17 00:21:40,145,5,599,292
2025-04-17 00:21:40,145,6,455,130
2025-04-17 00:21:40,145,7,365,293
2025-04-17 00:21:40,146,0,452,131
2025-04-17 00:21:40,146,1,498,288
2025-04-17 00:21:40,146,2,498,292
2025-04-17 00:21:40,146,3,333,158
2025-04-17 00:21:40,146,4,336,77
2025-04-17 00:21:40,146,5,599,292
2025-04-17 00:21:40,146,6,455,130
2025-04-17 00:21:40,146,7,365,293
2025-04-17 00:21:40,147,0,452,131
2025-04-17 00:21:40,147,1,498,288
2025-04-17 00:21:40,147,2,497,292
2025-04-17 00:21:40,147,3,333,153
2025-04-17 00:21:40,147,4,336,77
2025-04-17 00:21:40,147,5,599,292
2025-04-17 00:21:40,147,6,455,130
2025-04-17 00:21:40,147,7,365,293
2025-04-17 00:21:40,148,0,452,131
2025-04-17 00:21:40,148,1,496,288
2025-04-17 00:21:40,148,2,496,292
2025-04-17 00:21:40,148,3,333,153
2025-04-17 00:21:40,148,4,336,77
2025-04-17 00:21:40,148,5,599,292
2025-04-17 00:21:40,148,6,455,130
2025-04-17 00:21:40,148,7,365,293
2025-04-17 00:21:40,149,0,452,131
2025-04-17 00:21:40,149,1,495,288
2025-04-17 00:21:40,149,2,496,292
2025-04-17 00:21:40,149,3,334,150
2025-04-17 00:21:40,149,4,336,77
2025-04-17 00:21:40,149,5,599,292
2025-04-17 00:21:40,149,6,455,130
2025-04-17 00:21:40,149,7,375,293
2025-04-17 00:21:40,150,0,452,131
2025-04-17 00:21:40,150,1,494,288
2025-04-17 00:21:40,150,2,496,292
2025-04-17 00:21:40,150,3,334,149
2025-04-17 00:21:40,150,4,336,77
2025-04-17 00:21:40,150,5,599,292
2025-04-17 00:21:40,150,6,455,130
2025-04-17 00:21:40,150,7,375,293
2025-04-17 00:21:40,151,0,452,131
2025-04-17 00:21:40,151,1,494,288
2025-04-17 00:21:40,151,2,496,292
2025-04-17 00:21:40,151,3,334,149
2025-04-17 00:21:40,151,4,336,77
2025-04-17 00:21:40,151,5,599,292
2025-04-17 00:21:40,151,6,455,130
2025-04-17 00:21:40,151,7,375,293
2025-04-17 00:21:40,152,0,452,131
2025-04-17 00:21:40,152,1,500,288
2025-04-17 00:21:40,152,2,498,292
2025-04-17 00:21:40,152,3,334,149
2025-04-17 00:21:40,152,4,336,77
2025-04-17 00:21:40,152,5,599,292
2025-04-17 00:21:40,152,6,455,130
2025-04-17 00:21:40,152,7,371,293
2025-04-17 00:21:40,153,0,452,132
2025-04-17 00:21:40,153,1,505,288
2025-04-17 00:21:40,153,2,500,292
2025-04-17 00:21:40,153,3,336,149
2025-04-17 00:21:40,153,4,336,77
2025-04-17 00:21:40,153,5,599,292
2025-04-17 00:21:40,153,6,455,131
2025-04-17 00:21:40,153,7,369,293
2025-04-17 00:21:40,154,0,452,132
2025-04-17 00:21:40,154,1,509,288
2025-04-17 00:21:40,154,2,501,292
2025-04-17 00:21:40,154,3,336,148
2025-04-17 00:21:40,154,4,336,77
2025-04-17 00:21:40,154,5,599,292
2025-04-17 00:21:40,154,6,455,131
2025-04-17 00:21:40,154,7,365,293
2025-04-17 00:21:40,155,0,452,132
2025-04-17 00:21:40,155,1,510,288
2025-04-17 00:21:40,155,2,503,292
2025-04-17 00:21:40,155,3,337,148
2025-04-17 00:21:40,155,4,336,77
2025-04-17 00:21:40,155,5,603,292
2025-04-17 00:21:40,155,6,455,131
2025-04-17 00:21:40,155,7,364,293
2025-04-17 00:21:40,156,0,452,132
2025-04-17 00:21:40,156,1,512,288
2025-04-17 00:21:40,156,2,504,292
2025-04-17 00:21:40,156,3,337,148
2025-04-17 00:21:40,156,4,336,77
2025-04-17 00:21:40,156,5,603,292
2025-04-17 00:21:40,156,6,455,131
2025-04-17 00:21:40,156,7,361,293
2025-04-17 00:21:40,157,0,452,132
2025-04-17 00:21:40,157,1,514,288
2025-04-17 00:21:40,157,2,506,292
2025-04-17 00:21:40,157,3,337,148
2025-04-17 00:21:40,157,4,336,77
2025-04-17 00:21:40,157,5,603,292
2025-04-17 00:21:40,157,6,455,131
2025-04-17 00:21:40,157,7,359,293
2025-04-17 00:21:40,158,0,452,131
2025-04-17 00:21:40,158,1,515,288
2025-04-17 00:21:40,158,2,508,292
2025-04-17 00:21:40,158,3,339,150
2025-04-17 00:21:40,158,4,336,77
2025-04-17 00:21:40,158,5,603,292
2025-04-17 00:21:40,158,6,455,130
2025-04-17 00:21:40,158,7,355,293
2025-04-17 00:21:40,159,0,452,131
2025-04-17 00:21:40,159,1,517,288
2025-04-17 00:21:40,159,2,510,292
2025-04-17 00:21:40,159,3,339,150
2025-04-17 00:21:40,159,4,336,77
2025-04-17 00:21:40,159,5,603,292
2025-04-17 00:21:40,159,6,455,131
2025-04-17 00:21:40,159,7,353,293
2025-04-17 00:21:40,160,0,452,135
2025-04-17 00:21:40,160,1,517,288
2025-04-17 00:21:40,160,2,509,292
2025-04-17 00:21:40,160,3,335,164
2025-04-17 00:21:40,160,4,326,77
2025-04-17 00:21:40,160,5,599,240
2025-04-17 00:21:40,160,6,456,134
2025-04-17 00:21:40,160,7,372,293
2025-04-17 00:21:40,161,0,452,135
2025-04-17 00:21:40,161,1,517,288
2025-04-17 00:21:40,161,2,509,292
2025-04-17 00:21:40,161,3,335,164
2025-04-17 00:21:40,161,4,326,77
2025-04-17 00:21:40,161,5,599,199
2025-04-17 00:21:40,161,6,456,133
2025-04-17 00:21:40,161,7,372,293
2025-04-17 00:21:40,162,0,452,135
2025-04-17 00:21:40,162,1,517,288
2025-04-17 00:21:40,162,2,509,292
2025-04-17 00:21:40,162,3,334,164
2025-04-17 00:21:40,162,4,326,77
2025-04-17 00:21:40,162,5,599,192
2025-04-17 00:21:40,162,6,456,132
2025-04-17 00:21:40,162,7,372,293
2025-04-17 00:21:40,163,0,452,135
2025-04-17 00:21:40,163,1,517,288
2025-04-17 00:21:40,163,2,499,292
2025-04-17 00:21:40,163,3,334,165
2025-04-17 00:21:40,163,4,326,77
2025-04-17 00:21:40,163,5,599,192
2025-04-17 00:21:40,163,6,456,132
2025-04-17 00:21:40,163,7,372,293
2025-04-17 00:21:41,164,0,452,133
2025-04-17 00:21:41,164,1,517,288
2025-04-17 00:21:41,164,2,489,292
2025-04-17 00:21:41,164,3,334,165
2025-04-17 00:21:41,164,4,326,77
2025-04-17 00:21:41,164,5,599,192
2025-04-17 00:21:41,164,6,458,130
2025-04-17 00:21:41,164,7,371,293
2025-04-17 00:21:41,165,0,452,132
2025-04-17 00:21:41,165,1,517,288
2025-04-17 00:21:41,165,2,479,292
2025-04-17 00:21:41,165,3,334,165
2025-04-17 00:21:41,165,4,326,77
2025-04-17 00:21:41,165,5,599,192
2025-04-17 00:21:41,165,6,458,130
2025-04-17 00:21:41,165,7,368,293
2025-04-17 00:21:41,166,0,452,130
2025-04-17 00:21:41,166,1,517,288
2025-04-17 00:21:41,166,2,474,292
2025-04-17 00:21:41,166,3,334,165
2025-04-17 00:21:41,166,4,326,77
2025-04-17 00:21:41,166,5,599,191
2025-04-17 00:21:41,166,6,458,128
2025-04-17 00:21:41,166,7,363,293
2025-04-17 00:21:41,167,0,452,130
2025-04-17 00:21:41,167,1,515,288
2025-04-17 00:21:41,167,2,474,292
2025-04-17 00:21:41,167,3,334,165
2025-04-17 00:21:41,167,4,326,77
2025-04-17 00:21:41,167,5,599,193
2025-04-17 00:21:41,167,6,457,126
2025-04-17 00:21:41,167,7,360,293
2025-04-17 00:21:41,168,0,452,128
2025-04-17 00:21:41,168,1,515,288
2025-04-17 00:21:41,168,2,474,292
2025-04-17 00:21:41,168,3,334,165
2025-04-17 00:21:41,168,4,326,77
2025-04-17 00:21:41,168,5,599,193
2025-04-17 00:21:41,168,6,457,126
2025-04-17 00:21:41,168,7,358,293
2025-04-17 00:21:41,169,0,444,127
2025-04-17 00:21:41,169,1,514,288
2025-04-17 00:21:41,169,2,478,292
2025-04-17 00:21:41,169,3,334,164
2025-04-17 00:21:41,169,4,326,77
2025-04-17 00:21:41,169,5,599,198
2025-04-17 00:21:41,169,6,447,127
2025-04-17 00:21:41,169,7,355,293
2025-04-17 00:21:41,170,0,444,127
2025-04-17 00:21:41,170,1,513,288
2025-04-17 00:21:41,170,2,479,292
2025-04-17 00:21:41,170,3,334,164
2025-04-17 00:21:41,170,4,326,77
2025-04-17 00:21:41,170,5,599,198
2025-04-17 00:21:41,170,6,447,128
2025-04-17 00:21:41,170,7,353,293
2025-04-17 00:21:41,171,0,444,127
2025-04-17 00:21:41,171,1,510,288
2025-04-17 00:21:41,171,2,479,292
2025-04-17 00:21:41,171,3,343,163
2025-04-17 00:21:41,171,4,326,77
2025-04-17 00:21:41,171,5,598,208
2025-04-17 00:21:41,171,6,447,128
2025-04-17 00:21:41,171,7,350,293
2025-04-17 00:21:41,172,0,444,127
2025-04-17 00:21:41,172,1,500,288
2025-04-17 00:21:41,172,2,482,292
2025-04-17 00:21:41,172,3,347,163
2025-04-17 00:21:41,172,4,326,77
2025-04-17 00:21:41,172,5,598,208
2025-04-17 00:21:41,172,6,447,128
2025-04-17 00:21:41,172,7,347,293
2025-04-17 00:21:41,173,0,444,126
2025-04-17 00:21:41,173,1,500,288
2025-04-17 00:21:41,173,2,482,292
2025-04-17 00:21:41,173,3,348,163
2025-04-17 00:21:41,173,4,326,77
2025-04-17 00:21:41,173,5,598,210
2025-04-17 00:21:41,173,6,447,126
2025-04-17 00:21:41,173,7,346,293
2025-04-17 00:21:41,174,0,444,126
2025-04-17 00:21:41,174,1,502,288
2025-04-17 00:21:41,174,2,482,292
2025-04-17 00:21:41,174,3,349,163
2025-04-17 00:21:41,174,4,326,77
2025-04-17 00:21:41,174,5,598,210
2025-04-17 00:21:41,174,6,447,126
2025-04-17 00:21:41,174,7,342,293
2025-04-17 00:21:41,175,0,444,126
2025-04-17 00:21:41,175,1,503,288
2025-04-17 00:21:41,175,2,482,292
2025-04-17 00:21:41,175,3,352,167
2025-04-17 00:21:41,175,4,326,77
2025-04-17 00:21:41,175,5,598,210
2025-04-17 00:21:41,175,6,449,128
2025-04-17 00:21:41,175,7,340,293
2025-04-17 00:21:41,176,0,444,126
2025-04-17 00:21:41,176,1,504,288
2025-04-17 00:21:41,176,2,482,292
2025-04-17 00:21:41,176,3,352,167
2025-04-17 00:21:41,176,4,326,77
2025-04-17 00:21:41,176,5,598,213
2025-04-17 00:21:41,176,6,449,129
2025-04-17 00:21:41,176,7,340,293
2025-04-17 00:21:41,177,0,444,126
2025-04-17 00:21:41,177,1,507,288
2025-04-17 00:21:41,177,2,482,292
2025-04-17 00:21:41,177,3,352,166
2025-04-17 00:21:41,177,4,326,77
2025-04-17 00:21:41,177,5,594,225
2025-04-17 00:21:41,177,6,449,130
2025-04-17 00:21:41,177,7,339,293
2025-04-17 00:21:41,178,0,444,126
2025-04-17 00:21:41,178,1,512,288
2025-04-17 00:21:41,178,2,482,292
2025-04-17 00:21:41,178,3,354,164
2025-04-17 00:21:41,178,4,326,77
2025-04-17 00:21:41,178,5,593,218
2025-04-17 00:21:41,178,6,449,130
2025-04-17 00:21:41,178,7,336,293
2025-04-17 00:21:41,179,0,444,126
2025-04-17 00:21:41,179,1,518,288
2025-04-17 00:21:41,179,2,474,292
